Ethoslab,GeminiTay,Grian,Cubfan135,Zedaph
1302.330672,1206.992299,1081.87248,1045.280886,1028.892889
