Ethoslab,GeminiTay,Pearl,Grian,Scar,Hypnotizd,TangoTek,Cubfan135,Zedaph,xBCrafted,FalseSymmetry,MumboJumbo,impulseSV,Docm77,JoeHills,VintageBeef,Keralis,iJevin,iskall85,BdoubleO100,Stress,Xisuma,ZombieCleo,Rendog
1130.70127,1094.450469,1080.962915,1069.983321,1030.149061,1023.13813,1021.415703,1020.661756,1007.306568,1002.228432,998.4583489,997.7865613,990.8156731,975.4008718,974.1275474,972.5006519,960.8187909,959.7640144,951.8350335,941.4478695,926.8005215,896.2454717,845.7257388,840.8031497
