Ethoslab,Pearl,Zedaph,Grian,TangoTek,Scar,Keralis,Geminitay,impulseSV,XB,FalseSymmetry,Cubfan135,iJevin,Hypnotizd,ZombieCleo,iskall85,VintageBeef,Docm77,JoeHills,Stress,RenDog,Xisuma,BdoubleO100
1081.454137,1055.716236,1045.089479,1039.610314,1029.48774,1027.700491,1027.305922,1026.87851,1020.349217,1018.123894,1016.0,1015.37956,1011.939398,1007.512889,998.8672566,993.0230971,972.2477876,961.4751671,953.0810215,944.4955752,939.1150442,936.928734,905.9707423
