Ethoslab,Pearl,Grian,Geminitay,Scar
1110.172968,1081.45996,1070.100181,1066.487097,1058.142923
