Ethoslab,Grian,Pearl,Geminitay,Scar,FalseSymmetry,Zedaph,TangoTek,Hypnotizd,Cubfan135,Keralis,Docm77,XB,impulseSV,MumboJumbo,VintageBeef,Xisuma,JoeHills,iskall85,iJevin,Stress,ZombieCleo,RenDog,BdoubleO100
1183.826163,1088.692097,1085.670912,1082.000657,1079.049377,1069.78121,1044.351578,1035.815481,1029.712251,1029.061295,1028.457193,1019.865686,1018.169492,1010.541884,1001.882353,994.8474576,982.1793803,970.3351644,964.8047976,949.300118,944.6779661,927.6063093,918.8195414,906.8544064
