Ethoslab,Grian,Pearl,Geminitay,Scar
1183.826163,1088.692097,1085.670912,1082.000657,1079.049377
