Ethoslab,GeminiTay,Pearl,Grian,Scar,TangoTek,Hypnotizd,Cubfan135,Zedaph,xBCrafted,MumboJumbo,FalseSymmetry,impulseSV,VintageBeef,JoeHills,Docm77,Keralis,iJevin,iskall85,BdoubleO100,Stress,Xisuma,ZombieCleo,Rendog
1234.426487,1086.84167,1073.790415,1069.104142,1033.794304,1019.961158,1015.501767,1014.437969,1002.77004,1001.349253,996.6956522,989.5469108,988.8455849,972.5006519,967.3381038,966.7011637,956.7267082,954.5002145,947.2985064,932.9921505,926.8005215,889.8196645,842.0893751,838.2576951
