Ethoslab,GeminiTay,Pearl,Grian,Scar
1130.70127,1094.450469,1080.962915,1069.983321,1030.149061
