Geminitay,Ethoslab,Pearl,Grian,Hypnotizd,Scar,Keralis,Cubfan135,TangoTek,XB,FalseSymmetry,Zedaph,BdoubleO100,MumboJumbo,impulseSV,VintageBeef,Docm77,JoeHills,iskall85,iJevin,Stress,Xisuma,RenDog,ZombieCleo
1137.331447,1130.839635,1076.337407,1070.121686,1027.248966,1024.207488,1019.51847,1018.764097,1017.64852,1013.70013,1012.88352,1005.083409,995.8330553,994.9611734,988.12865,972.5006519,969.7768536,966.204843,960.9452078,955.6572635,926.8005215,889.2645633,885.275289,859.3207215
