Pearl,Ethoslab,Zedaph,Grian,TangoTek,Geminitay,Keralis,Scar,XB,impulseSV,iJevin,ZombieCleo,Hypnotizd,iskall85,Cubfan135,JoeHills,Xisuma,VintageBeef,Docm77,Stress,RenDog,BdoubleO100
1075.557854,1075.085542,1039.722474,1038.786468,1035.359621,1026.282267,1025.141133,1020.099117,1017.747899,1014.855419,1006.982978,996.2352941,993.2738634,988.6369317,984.3292394,974.4451627,972.7696617,971.4957983,958.9915966,942.9915966,935.7310924,901.9831933
