Pearl,Ethoslab,Scar,Grian,Zedaph,Hypnotizd,TangoTek,FalseSymmetry,Cubfan135,Keralis,Geminitay,impulseSV,XB,Docm77,VintageBeef,Xisuma,JoeHills,MumboJumbo,iskall85,Stress,iJevin,RenDog,ZombieCleo,BdoubleO100
1131.494133,1119.826163,1076.79395,1068.046936,1046.776184,1033.602447,1033.305677,1032.0,1029.396908,1028.457193,1027.657242,1022.378255,1018.169492,1007.482362,994.8474576,989.6304464,982.159418,978.6666667,968.450388,944.6779661,944.6115105,939.5254237,933.2533681,907.8174707
