Ethoslab,GeminiTay,Pearl,Grian,Scar
1234.426487,1086.84167,1073.790415,1069.104142,1033.794304
