Ethoslab,Pearl,Zedaph,Grian,TangoTek,Scar,Keralis,Geminitay,Docm77,impulseSV,XB,FalseSymmetry,Cubfan135,iJevin,ZombieCleo,Hypnotizd,iskall85,VintageBeef,JoeHills,Stress,RenDog,Xisuma,BdoubleO100
1081.454137,1064.443509,1045.089479,1039.610314,1029.48774,1027.700491,1027.305922,1026.87851,1025.475167,1020.349217,1018.123894,1016.0,1013.343196,1011.939398,998.8672566,994.4219803,993.0230971,972.2477876,953.0810215,944.4955752,939.1150442,936.928734,905.9707423
