Geminitay,Ethoslab,Pearl,Grian,Hypnotizd
1137.331447,1130.839635,1076.337407,1070.121686,1027.248966
