BdoubleO100,Cubfan135,Docm77,Ethoslab,Geminitay,Grian,Hypnotizd,impulseSV,iskall85,iJevin,JoeHills,Keralis,Pearl,RenDog,Scar,Stress,TangoTek,VintageBeef,XB,Xisuma,Zedaph,ZombieCleo
901.9831933,984.3292394,958.9915966,1075.085542,1026.282267,1038.786468,993.2738634,1014.855419,988.6369317,1006.982978,974.4451627,1025.141133,1075.557854,935.7310924,1020.099117,942.9915966,1035.359621,971.4957983,1017.747899,972.7696617,1039.722474,996.2352941
